ID1,ID2,species,data,otherfeature,state
ENOG4102NDK,ENOG410DVJQ,Ce,0.2488468825,-0.05469637506331412,
ENOG4102NDK,ENOG410KDIF,Ce,-0.018160081097099996,0.4063739436813286,
ENOG4102NDK,ENOG410RV5X,Ce,0.20293975574700002,-0.06012609102201688,
ENOG4102NDK,ENOG410VIAK,Ce,0.339003314128,-0.16169487455940362,
ENOG4102NDK,KOG0020,Ce,0.5374078856360001,-0.4986630817160196,
ENOG4102NDK,KOG0052,Ce,0.23791860206999998,-0.15130040202481457,
ENOG4102NDK,KOG0103,Ce,0.225519615504,-0.3171587238872892,
ENOG4102NDK,KOG0116,Ce,-0.0679732923423,0.06219969141495761,
ENOG4102NDK,KOG0123,Ce,-0.000717215552608,0.2426631970596188,
ENOG4102NDK,KOG0174,Ce,0.018342443741799996,-0.2725888845375102,
ENOG4102NDK,KOG0175,Ce,-0.0372227427414,0.013710799368749695,
ENOG4102NDK,KOG0176,Ce,0.0563712752254,-0.7755118369475354,
ENOG4102NDK,KOG0177,Ce,-0.0387400069037,-0.5573559708416297,
ENOG4102NDK,KOG0178,Ce,-0.0412121346499,0.14821461589300447,
ENOG4102NDK,KOG0179,Ce,-0.02390990286,-0.04274579028666187,
ENOG4102NDK,KOG0180,Ce,0.030481749070200004,-0.419333209461876,
ENOG4102NDK,KOG0181,Ce,-0.043285278624300004,-0.0678975652663447,
ENOG4102NDK,KOG0182,Ce,0.0722874193028,-0.044118469808753925,
ENOG4102NDK,KOG0183,Ce,0.215942829126,-0.14960425010782927,
ENOG4102NDK,KOG0184,Ce,0.0134991990313,-0.21090739337597778,
ENOG4102NDK,KOG0185,Ce,-0.030054745915599996,-0.17756146830486835,
ENOG4102NDK,KOG0213,Ce,-0.18694203413600002,0.1951949125365409,
ENOG4102NDK,KOG0260,Ce,0.334221564842,0.03076707152302325,
ENOG4102NDK,KOG0262,Ce,0.325876057891,0.12977060877084265,
ENOG4102NDK,KOG0264,Ce,0.24881449931,-0.43844520232452894,
ENOG4102NDK,KOG0358,Ce,0.306368613976,0.2771189511661223,
ENOG4102NDK,KOG0359,Ce,0.367656559891,0.16490640729779824,
ENOG4102NDK,KOG0361,Ce,0.27379293347399997,-0.14270828796115842,
ENOG4102NDK,KOG0363,Ce,0.326104561732,0.056780748354226,
ENOG4102NDK,KOG0364,Ce,0.308642193661,0.07288816920115769,
ENOG4102NDK,KOG0469,Ce,0.152012561776,-0.11528652089261626,
ENOG4102NDK,KOG0543,Ce,-0.143449867506,-0.013312203993654183,
ENOG4102NDK,KOG0651,Ce,0.50402493416,0.05694108104849182,
ENOG4102NDK,KOG0652,Ce,0.410988377701,-0.1575405878110908,
ENOG4102NDK,KOG0657,Ce,-0.0840286722996,0.017142761469435962,
ENOG4102NDK,KOG0668,Ce,0.257342739957,0.4301642172546685,
ENOG4102NDK,KOG0674,Ce,0.42612533807499997,0.11388320606115608,
ENOG4102NDK,KOG0687,Ce,0.220585678277,-0.42696276186927007,
ENOG4102NDK,KOG0727,Ce,0.39939748060900004,-0.16757329916301344,
ENOG4102NDK,KOG0841,Ce,0.458225288327,-0.2938528868758405,
ENOG4102NDK,KOG0952,Ce,0.286354270848,-0.24549595362660545,
ENOG4102NDK,KOG0977,Ce,0.06297133231959999,0.22596273361948038,
ENOG4102NDK,KOG0985,Ce,0.33645405202699996,-0.38471695863956107,
ENOG4102NDK,KOG1036,Ce,-0.10794689842599998,0.33070902398787383,
ENOG4102NDK,KOG1350,Ce,0.485352067906,0.22975941404972638,
ENOG4102NDK,KOG1376,Ce,0.696019349413,0.7884098658628634,
ENOG4102NDK,KOG1463,Ce,0.22321226557799997,-0.5818156612646298,
ENOG4102NDK,KOG1498,Ce,0.126189420092,0.18157880249757352,
ENOG4102NDK,KOG1531,Ce,0.414967293179,-0.24377389065895463,
ENOG4102NDK,KOG1554,Ce,0.0944160031484,-0.19365268730717713,
ENOG4102NDK,KOG1596,Ce,0.34580253088299995,0.5866367814710561,
ENOG4102NDK,KOG1655,Ce,-0.11142072303400001,0.46040877536090424,
ENOG4102NDK,KOG1656,Ce,-0.25733633989599997,-0.3532048746847834,
ENOG4102NDK,KOG1662,Ce,0.344907102359,-0.3021395417415243,
ENOG4102NDK,KOG1666,Ce,0.0275152336385,-0.10814972483545289,
ENOG4102NDK,KOG1694,Ce,0.548272114821,0.4411519746884043,
ENOG4102NDK,KOG1748,Ce,-0.00379631304489,-0.2848634002061383,
ENOG4102NDK,KOG1758,Ce,0.332640997468,-0.42129290808161535,
ENOG4102NDK,KOG1760,Ce,-0.062194389891,-0.24949313140840812,
ENOG4102NDK,KOG1769,Ce,-0.028986419706200004,-0.2889392788875365,
ENOG4102NDK,KOG1784,Ce,0.0909448970321,0.11590381573420805,
ENOG4102NDK,KOG1898,Ce,0.118994135392,0.24113676148047933,
ENOG4102NDK,KOG2062,Ce,0.313849123139,-0.038792211213313006,
ENOG4102NDK,KOG2260,Ce,0.0216644712173,-0.29509924692566714,
ENOG4102NDK,KOG2309,Ce,0.42248637094,0.08135247445124826,
ENOG4102NDK,KOG2314,Ce,0.258665822447,-0.19177684685623728,
ENOG4102NDK,KOG2581,Ce,0.41521332168999997,0.12059550054298548,
ENOG4102NDK,KOG2988,Ce,0.450279485573,-0.13586902259948286,
ENOG4102NDK,KOG3048,Ce,-0.0272488160809,0.21590300917396407,
ENOG4102NDK,KOG3070,Ce,0.16567465114399998,0.36995334386733864,
ENOG4102NDK,KOG3092,Ce,0.266703972511,0.23880931627704155,
ENOG4102NDK,KOG3151,Ce,0.098054091557,0.13967790536265182,
ENOG4102NDK,KOG3162,Ce,0.334252895085,0.291054629361571,
ENOG4102NDK,KOG3168,Ce,0.00766609468938,-0.39950802783006395,
ENOG4102NDK,KOG3174,Ce,0.0335485701652,-0.08304820403589733,
ENOG4102NDK,KOG3196,Ce,0.159356259225,0.014029195902957453,
ENOG4102NDK,KOG3265,Ce,0.339020919477,0.5360074245406121,
ENOG4102NDK,KOG3291,Ce,0.610412928887,0.11910391690330438,
ENOG4102NDK,KOG3366,Ce,0.42466073158900003,-0.3535925834991417,
ENOG4102NDK,KOG3400,Ce,-0.034889862091699995,0.23300346727607044,
ENOG4102NDK,KOG3428,Ce,-0.00846891914257,-0.06642130932529657,
ENOG4102NDK,KOG3438,Ce,0.391894768296,-0.0234993411798501,
ENOG4102NDK,KOG3458,Ce,0.178198226633,0.17187391109055636,
ENOG4102NDK,KOG3460,Ce,0.0399430797893,0.16654743542799125,
ENOG4102NDK,KOG3677,Ce,0.274121799648,-0.06497527971213062,
ENOG4102NDK,KOG3890,Ce,0.315311995255,-0.021011054855108596,
ENOG4102NDK,KOG4098,Ce,-0.135774723848,0.007838689192187479,
ENOG4102NDK,KOG4109,Ce,0.06913860512619999,0.14375289128065086,
ENOG4102NDK,KOG4246,Ce,-0.0201158494671,0.014453606763828952,
ENOG4102NDK,KOG4348,Ce,-0.125765119097,-0.16381473564353247,
ENOG4102NDK,KOG4634,Ce,0.38404847451499996,-0.5898469393993676,
ENOG410DVJQ,ENOG410KDIF,Ce,0.13478942444800002,0.3068821505681541,
ENOG410DVJQ,ENOG410RV5X,Ce,0.474851730082,-0.29094719791395623,
ENOG410DVJQ,ENOG410VIAK,Ce,-0.08264392704660001,-0.1267756049787896,
ENOG410DVJQ,KOG0020,Ce,0.45764284584200005,-0.2650318043390959,
ENOG410DVJQ,KOG0052,Ce,0.412155129801,0.42886623299471627,
ENOG410DVJQ,KOG0103,Ce,0.474588254574,-0.29717743412202013,
ENOG410DVJQ,KOG0116,Ce,0.037875356431400005,0.27437674946077484,
ENOG410DVJQ,KOG0123,Ce,0.368741902001,-0.08514292181035608,
ENOG410DVJQ,KOG0174,Ce,0.140556740081,0.2720936215177213,
ENOG4102NDK,ENOG4104K0S,Hs,0.225426850589,0.3278710867583331,0.0
ENOG4102NDK,ENOG4104KCG,Hs,0.21449666579399998,-0.035713257363845334,0.0
ENOG4102NDK,ENOG41067GK,Hs,0.46809064660800004,-0.18306612719170837,0.0
ENOG4102NDK,ENOG4106AYG,Hs,-0.289756171531,-0.44091731482968716,0.0
ENOG4102NDK,ENOG4108S5H,Hs,-0.191463613577,0.07793555179924011,0.0
ENOG4102NDK,ENOG410C8H1,Hs,0.14656494472,-0.2634577495093467,0.0
ENOG4102NDK,ENOG410C9UC,Hs,0.09734004000730001,0.22289509752844228,0.0
ENOG4102NDK,ENOG410CF8D,Hs,0.309118154318,-0.3083546267812181,0.0
ENOG4102NDK,ENOG410CH8Q,Hs,0.40860163036200003,0.2979017269118508,0.0
ENOG4102NDK,ENOG410CI6E,Hs,-0.141293959499,0.05412654973866768,0.0
ENOG4102NDK,ENOG410CJBM,Hs,0.308570227104,0.04605849889266841,1.0
ENOG4102NDK,ENOG410DQ8H,Hs,0.36941332750100003,-0.2848770863298,1.0
ENOG4102NDK,ENOG410DVJQ,Hs,0.26490343884100004,0.044175851998455036,0.0
ENOG4102NDK,ENOG410IF68,Hs,-0.101453252831,0.0360438472680912,0.0
ENOG4102NDK,ENOG410IF81,Hs,-0.1062868891,-0.2245197940178827,0.0
ENOG4102NDK,ENOG410IFFN,Hs,0.102271049861,0.5361156332846262,0.0
ENOG4102NDK,ENOG410IGPC,Hs,0.725311196306,-0.40573835853965784,1.0
ENOG4102NDK,ENOG410IHXJ,Hs,0.5348279187430001,-0.13162965414312838,0.0
ENOG4102NDK,ENOG410IHZM,Hs,0.454418296369,-0.07816426457080106,0.0
ENOG4102NDK,ENOG410IJ10,Hs,-0.0015845520624999999,-0.32328513555287786,0.0
ENOG4102NDK,ENOG410IJNC,Hs,0.144998471372,0.30269046864462246,0.0
ENOG4102NDK,ENOG410IN2U,Hs,0.15898402580600002,-0.145531260781756,0.0
ENOG4102NDK,ENOG410IP4N,Hs,0.38265097854099994,0.3712932448354593,0.0
ENOG4102NDK,ENOG410IREB,Hs,0.545062317371,-0.09522127218136764,0.0
ENOG4102NDK,ENOG410IRS7,Hs,0.440466254529,0.3799735878457465,0.0
ENOG4102NDK,ENOG410IT51,Hs,-0.0455736055403,0.08169838589960526,0.0
ENOG4102NDK,ENOG410IUMQ,Hs,0.47248637275300004,0.294978072011208,0.0
ENOG4102NDK,ENOG410IW5Z,Hs,-0.27129131249099997,-0.240154031787422,1.0
ENOG4102NDK,ENOG410IXEK,Hs,-0.10589745717700001,0.13438797379944928,0.0
ENOG4102NDK,ENOG410IZ0U,Hs,0.13728939522199998,-0.10935637288711808,0.0
ENOG4102NDK,ENOG410IZRM,Hs,-0.07223143735019999,-0.5560253455100092,0.0
ENOG4102NDK,ENOG410J0KM,Hs,-0.166120451546,0.3875407768386447,0.0
ENOG4102NDK,ENOG410KCT5,Hs,0.5384474330910001,-0.30402723717812613,0.0
ENOG4102NDK,ENOG410KCXR,Hs,0.31845790449,0.31033454732977317,0.0
ENOG4102NDK,ENOG410KD8M,Hs,0.498694896081,-0.1668640572929118,1.0
ENOG4102NDK,ENOG410KDIF,Hs,-0.199424682208,0.03485259388646676,0.0
ENOG4102NDK,ENOG410KDN3,Hs,-0.204079460493,0.24332578661235865,0.0
ENOG4102NDK,ENOG410RKBN,Hs,0.551408003302,-0.0902423974252383,0.0
ENOG4102NDK,ENOG410RKCN,Hs,-0.13522228194,-0.4192240438956611,0.0
ENOG4102NDK,ENOG410RM4D,Hs,0.183019830484,-0.20571936716999428,0.0
ENOG4102NDK,ENOG410RN6C,Hs,-0.028703395276599996,-0.6142907373726259,0.0
ENOG4102NDK,ENOG410RP0T,Hs,0.111142760088,-0.35421026017847584,0.0
ENOG4102NDK,ENOG410RP8H,Hs,0.537498409017,-0.05251437384966263,0.0
ENOG4102NDK,ENOG410RQGR,Hs,0.297235601674,0.3434074607796788,0.0
ENOG4102NDK,ENOG410RQSY,Hs,-0.20779673075599997,0.4074421046350427,0.0
ENOG4102NDK,ENOG410RR5C,Hs,0.122607536009,-0.10841922106974596,0.0
ENOG4102NDK,ENOG410RRTK,Hs,0.321877601225,-0.4042946995976991,0.0
ENOG4102NDK,ENOG410RSHA,Hs,0.43634898421999996,-0.30333748210702166,1.0
ENOG4102NDK,ENOG410RTU8,Hs,-0.00023184141763900003,0.48983266241329804,0.0
ENOG4102NDK,ENOG410RUHC,Hs,-0.332534159704,0.13965837403417258,0.0
ENOG4102NDK,ENOG410RUSA,Hs,0.192354567789,0.44410494320725236,0.0
ENOG4102NDK,ENOG410RWHH,Hs,0.26671498653700004,0.15953466329958252,0.0
ENOG4102NDK,ENOG410RX6V,Hs,0.025367545378299997,-0.2053943893381779,0.0
ENOG4102NDK,ENOG410RXSC,Hs,0.39280861643799997,-0.2582332818305616,0.0
ENOG4102NDK,ENOG410S0BI,Hs,0.651448521603,0.3110576564899524,1.0
ENOG4102NDK,ENOG410S18U,Hs,-0.121039568357,0.08331076833961541,0.0
ENOG4102NDK,ENOG410VI9I,Hs,0.316363331232,-0.17143099464866743,0.0
ENOG4102NDK,ENOG410VIAK,Hs,0.341014485866,-0.45772026288654444,0.0
ENOG4102NDK,KOG0007,Hs,0.24550865935,-0.18961734075291029,0.0
ENOG4102NDK,KOG0018,Hs,0.22225032475200002,-0.5217103933428385,0.0
ENOG4102NDK,KOG0020,Hs,0.688993898564,0.2566664660000844,0.0
ENOG4102NDK,KOG0050,Hs,0.22640787095400003,0.18386353593083976,1.0
ENOG4102NDK,KOG0052,Hs,0.253561601895,-0.12696901231424335,1.0
ENOG4102NDK,KOG0067,Hs,-0.37343181853699997,-0.45639281126068987,0.0
ENOG4102NDK,KOG0103,Hs,0.277549713792,-0.26784648937979944,0.0
ENOG4102NDK,KOG0107,Hs,0.660666445575,0.09709236269035519,0.0
ENOG4102NDK,KOG0113,Hs,0.54532704893,-0.6294594597874584,0.0
ENOG4102NDK,KOG0114,Hs,0.17327819280499998,0.10703018681808783,0.0
ENOG4102NDK,KOG0115,Hs,-0.125236508741,0.28089707077233556,1.0
ENOG4102NDK,KOG0116,Hs,0.285627601516,0.06432924151561743,0.0
ENOG4102NDK,KOG0122,Hs,0.38479905867299996,0.23349091577779046,0.0
ENOG4102NDK,KOG0123,Hs,0.0472053187359,0.04152159102635894,0.0
ENOG4102NDK,KOG0174,Hs,0.133975694191,-0.22675631891210707,0.0
ENOG4102NDK,KOG0175,Hs,0.138858646416,-0.1435101822687415,0.0
ENOG4102NDK,KOG0176,Hs,0.179052024249,-0.16340632550690476,0.0
ENOG4102NDK,KOG0177,Hs,0.0823668005132,0.39565417836226296,0.0
ENOG4102NDK,KOG0178,Hs,-0.029622912509,0.005127155725182776,0.0
ENOG4102NDK,KOG0179,Hs,0.201609764921,-0.1479939993037999,0.0
ENOG4102NDK,KOG0180,Hs,0.206114334773,-0.11208511939480968,0.0
ENOG4102NDK,KOG0181,Hs,0.218613421724,0.1657829512554735,0.0
ENOG4102NDK,KOG0182,Hs,0.213118338355,0.17853277456389263,0.0
ENOG4102NDK,KOG0183,Hs,0.148078362779,-0.11101865940078785,0.0
ENOG4102NDK,KOG0184,Hs,0.146930543893,-0.38824332562413716,0.0
ENOG4102NDK,KOG0185,Hs,0.158093675075,0.07161123486792596,0.0
ENOG4102NDK,KOG0213,Hs,0.230823741285,-0.22664118823088217,0.0
ENOG4102NDK,KOG0260,Hs,0.276609586571,0.033162313254852735,0.0
ENOG4102NDK,KOG0264,Hs,0.6710751299350001,-0.25741914256637977,0.0
ENOG4102NDK,KOG0333,Hs,0.299671124917,0.2891729771458302,1.0
ENOG4102NDK,KOG0358,Hs,0.22792085243700003,0.14484403171978263,0.0
ENOG4102NDK,KOG0359,Hs,0.29082854118,0.16910273486113728,0.0
ENOG4102NDK,KOG0361,Hs,0.107870574731,0.3420610019721823,0.0
ENOG4102NDK,KOG0363,Hs,0.263199867111,0.1381766751504621,0.0
ENOG4102NDK,KOG0364,Hs,0.29148342844700004,0.19391266092680168,0.0
ENOG4102NDK,KOG0466,Hs,0.19448001389400002,-0.16355968671526547,0.0
ENOG4102NDK,KOG0469,Hs,0.21508205902199998,-0.3482186592199616,1.0
ENOG4102NDK,KOG0478,Hs,0.21665486449000002,-0.7293452123411279,0.0
ENOG4102NDK,KOG0480,Hs,0.25650012321800003,0.29760785754989993,0.0
ENOG4102NDK,KOG0481,Hs,0.0594730410843,0.38040385142792865,0.0
ENOG4102NDK,KOG0543,Hs,0.0783798111975,-0.5903492202964907,0.0
ENOG4102NDK,KOG0616,Hs,-0.15012306565,-0.29313005737820136,0.0
ENOG4102NDK,ENOG410IE8I,Dm,0.779186363458,0.019439874451129862,
ENOG4102NDK,ENOG410IHD9,Dm,-0.0732058351897,0.518658121657134,
ENOG4102NDK,ENOG410IIN3,Dm,0.267706670197,0.44269424037606514,
ENOG4102NDK,ENOG410IK5M,Dm,0.0673110003317,-0.09881393581654067,
ENOG4102NDK,ENOG410IP4N,Dm,-0.217806013449,0.3108386698329265,
ENOG4102NDK,ENOG410IQ75,Dm,0.499644410618,0.30287925285847095,
ENOG4102NDK,ENOG410IR3P,Dm,0.496606050972,-0.10321413643573224,
ENOG4102NDK,ENOG410IREB,Dm,0.8653759805419999,-0.10630868387705418,
ENOG4102NDK,ENOG410IRVA,Dm,-0.171084687198,0.07723795770699861,
ENOG4102NDK,ENOG410IRZW,Dm,0.00389226647315,-0.37758256228648956,
ENOG4102NDK,ENOG410IT51,Dm,0.0704237152532,0.12155335870959405,
ENOG4102NDK,ENOG410KD7N,Dm,-0.0680749340525,0.18215881781964852,
ENOG4102NDK,ENOG410VIAK,Dm,0.533552484029,-0.2597377497760748,
ENOG4102NDK,KOG0007,Dm,-0.130190998555,-0.32005890237724993,
ENOG4102NDK,KOG0018,Dm,0.489653837143,0.3274211985747019,
ENOG4102NDK,KOG0020,Dm,0.829070460856,-0.6840535680548847,
ENOG4102NDK,KOG0050,Dm,0.17000986216400002,0.10025443780436434,
ENOG4102NDK,KOG0052,Dm,0.322437884629,-0.1266188559733484,
ENOG4102NDK,KOG0067,Dm,-0.271243637313,0.4563446836805719,
ENOG4102NDK,KOG0103,Dm,0.30574203602,-0.13292439705454057,
ENOG4102NDK,KOG0107,Dm,0.274991595945,-0.1666991627401729,
ENOG4102NDK,KOG0113,Dm,0.596266862932,-0.2544578804982126,
ENOG4102NDK,KOG0115,Dm,-0.176014912837,-0.010901778454944723,
ENOG4102NDK,KOG0116,Dm,-0.264413778986,0.2925079769258521,
ENOG4102NDK,KOG0122,Dm,0.587056083477,-0.19060030448344917,
ENOG4102NDK,KOG0123,Dm,0.595316110333,-0.02851983624226215,
ENOG4102NDK,KOG0174,Dm,-0.00263428235881,0.14774094809901578,
ENOG4102NDK,KOG0175,Dm,0.0319619399925,-0.060131711495478836,
ENOG4102NDK,KOG0176,Dm,-0.00263154354509,-0.023893799600022008,
ENOG4102NDK,KOG0177,Dm,-0.00680624093917,0.2322809932915205,
ENOG4102NDK,KOG0178,Dm,0.050207853810599994,-0.538128334554092,
ENOG4102NDK,KOG0179,Dm,0.0290347454416,-0.07690443379810073,
ENOG4102NDK,KOG0180,Dm,0.04691243354809999,-0.07818474774699845,
ENOG4102NDK,KOG0181,Dm,-0.00783007593172,-0.057756665295482346,
ENOG4102NDK,KOG0182,Dm,-0.35379769326,0.40381958491391423,
ENOG4102NDK,KOG0183,Dm,0.146367042483,0.10546364254163912,
ENOG4102NDK,KOG0184,Dm,-0.0332474110309,-0.048603699403202597,
ENOG4102NDK,KOG0185,Dm,0.0316218325758,-0.331330069154162,
ENOG4102NDK,KOG0213,Dm,0.15593358925200002,-0.4025081474751477,
ENOG4102NDK,KOG0216,Dm,0.2873131009,-0.09819637034882299,
ENOG4102NDK,KOG0260,Dm,0.24623772366,0.17504165684887643,
ENOG4102NDK,KOG0262,Dm,0.215365061654,-0.3865650784665362,
ENOG4102NDK,KOG0264,Dm,0.895318134422,-0.36087052852197765,
ENOG4102NDK,KOG0285,Dm,0.322273071206,0.421080672520199,
ENOG4102NDK,KOG0333,Dm,0.469588207728,-0.2605757200731137,
ENOG4102NDK,KOG0358,Dm,0.140998532498,0.1325690599853012,
ENOG4102NDK,KOG0359,Dm,0.459035671227,-0.679548228728328,
ENOG4102NDK,KOG0361,Dm,-0.022191715663,-0.12242867575926474,
ENOG4102NDK,KOG0363,Dm,-0.113814609163,-0.15722477265935708,
ENOG4102NDK,KOG0364,Dm,0.482400603855,-0.06529037694798405,
ENOG4102NDK,KOG0391,Dm,0.5595091515389999,-0.2662533677300458,
ENOG4102NDK,KOG0466,Dm,0.430311103582,0.075403852596865,
ENOG4102NDK,KOG0469,Dm,0.46960342321000004,-0.15171310881415764,
ENOG4102NDK,KOG0478,Dm,0.444174263707,0.022788885670482355,
ENOG4102NDK,KOG0480,Dm,0.533827765987,0.3548524545477709,
ENOG4102NDK,KOG0481,Dm,0.32646407773200004,0.015349184900702183,
ENOG4102NDK,KOG0543,Dm,-0.312858136018,0.18030163525373458,
ENOG4102NDK,KOG0639,Dm,-0.44104262673600003,-0.13275755470218945,
ENOG4102NDK,KOG0649,Dm,0.0150786477066,-0.2955573688203033,
ENOG4102NDK,KOG0651,Dm,0.7358136057979999,0.1644854118196497,
ENOG4102NDK,KOG0652,Dm,0.747181075903,0.04276583818530884,
ENOG4102NDK,KOG0653,Dm,-0.016437532878700003,0.14184082182152594,
ENOG4102NDK,KOG0657,Dm,-0.333718658288,-0.11229793287041814,
ENOG4102NDK,KOG0658,Dm,-0.498475155524,-0.23051371349478458,
ENOG4102NDK,KOG0668,Dm,0.536153604355,-0.3371479006473648,
ENOG4102NDK,KOG0674,Dm,0.342524698556,-0.23921689043757624,
ENOG4102NDK,KOG0679,Dm,0.885619022516,-0.023577607190386065,
ENOG4102NDK,KOG0686,Dm,0.319201413421,0.01662646337120999,
ENOG4102NDK,KOG0687,Dm,0.272173093441,-0.35192318727569144,
ENOG4102NDK,KOG0727,Dm,0.6499022006899999,0.021916823256041232,
ENOG4102NDK,KOG0728,Dm,0.48286999358800003,0.03333885374865584,
ENOG4102NDK,KOG0729,Dm,0.665137428816,-0.05581409027886329,
ENOG4102NDK,KOG0834,Dm,-0.177461012925,-0.2081184664101026,
ENOG4102NDK,KOG0841,Dm,0.768469694759,-0.1662016539688269,
ENOG4102NDK,KOG0870,Dm,0.5388705805399999,0.19593305288043963,
ENOG4102NDK,KOG0936,Dm,0.158863443888,0.663231371189462,
ENOG4102NDK,KOG0952,Dm,0.688374933102,-0.17921755629062144,
ENOG4102NDK,KOG0970,Dm,0.12039595476600001,0.08162302297765946,
ENOG4102NDK,KOG0977,Dm,0.535445796827,0.13258725031627736,
ENOG4102NDK,KOG0985,Dm,0.644492952355,-0.018840916335083335,
ENOG4102NDK,KOG0989,Dm,0.60467995492,0.01682988914279782,
ENOG4102NDK,KOG0991,Dm,0.47318793783,0.1679249891302361,
ENOG4102NDK,KOG1036,Dm,-0.18100897111699998,0.11170793485248293,
ENOG4102NDK,KOG1060,Dm,0.21091056309300002,0.06022542803158556,
ENOG4102NDK,KOG1105,Dm,0.0417146308673,0.308647242987235,
ENOG4102NDK,KOG1135,Dm,0.432757557896,-0.13238323877162927,
ENOG4102NDK,KOG1137,Dm,0.313079788047,-0.10349008882085137,
ENOG4102NDK,KOG1190,Dm,-0.184396822091,-0.28226595350089323,
ENOG4102NDK,KOG1242,Dm,0.44264584660899997,-0.27882196194586095,
ENOG4102NDK,KOG1244,Dm,0.20026978653900002,-0.009632391867109673,
ENOG4102NDK,KOG1279,Dm,0.871482817651,-0.11847191633728264,
ENOG4102NDK,KOG1342,Dm,0.637203096201,-0.3186921058707076,
ENOG4102NDK,KOG1376,Dm,0.939098965186,0.5720905877763607,
ENOG4102NDK,KOG1407,Dm,-0.179368230929,-0.24171320695573872,
ENOG4102NDK,KOG1463,Dm,-0.112142299525,0.5105065980644762,
ENOG4102NDK,KOG1475,Dm,0.44670952150700005,0.14073573574652853,
ENOG4102NDK,KOG1477,Dm,0.40095865055600005,-0.6037552525475832,
ENOG4102NDK,KOG1497,Dm,0.548202765661,0.2595533896399735,
ENOG4102NDK,KOG1498,Dm,0.557038570113,-0.02498847903153101,
ENOG4102NDK,KOG1554,Dm,0.267911675779,0.14271029973265145,
ENOG4102NDK,ENOG4106AYG,Mm,-0.21582999162099997,0.5142921914066632,
ENOG4102NDK,ENOG4108S5H,Mm,-0.138940454081,0.019255077904192282,
ENOG4102NDK,ENOG4108YSI,Mm,-0.024385948672099998,0.08137994559127287,
ENOG4102NDK,ENOG410CCHR,Mm,-0.13968043029899999,0.437403492929006,
ENOG4102NDK,ENOG410CH8Q,Mm,0.21808117481,0.09677323115515052,
ENOG4102NDK,ENOG410CJBM,Mm,0.372762621746,-0.0570353330398987,
ENOG4102NDK,ENOG410CMY9,Mm,0.127586847685,-0.008790422577754415,
ENOG4102NDK,ENOG410DVJQ,Mm,0.015633459635,-0.34087341765241436,
ENOG4102NDK,ENOG410IF68,Mm,-0.157881407049,0.2492074012497185,
ENOG4102NDK,ENOG410IGPC,Mm,0.719065626066,-0.06513361710473757,
ENOG4102NDK,ENOG410IHZM,Mm,0.6017718065559999,0.05010460128087744,
ENOG4102NDK,ENOG410IJKN,Mm,0.180298176186,-0.045445037088903274,
ENOG4102NDK,ENOG410IJNC,Mm,0.13097152704,0.3590680991493002,
ENOG4102NDK,ENOG410IJXM,Mm,-0.048979405657400006,-0.23921086238868025,
ENOG4102NDK,ENOG410IN2U,Mm,-0.0291240720755,-0.23066100694221825,
ENOG4102NDK,ENOG410IP4N,Mm,0.40107327764,-0.14113068073945836,
ENOG4102NDK,ENOG410IQ4W,Mm,0.0138261595332,-0.14773458497849545,
ENOG4102NDK,ENOG410IR2Y,Mm,0.11627213332,0.06792846171189369,
ENOG4102NDK,ENOG410IR3P,Mm,-0.031135731005,-0.4990296797120144,
ENOG4102NDK,ENOG410IREB,Mm,0.453662488914,0.08357309370574371,
ENOG4102NDK,ENOG410IRS7,Mm,0.549248242048,-0.43273305372230403,
ENOG4102NDK,ENOG410IRVA,Mm,-0.17679583829700002,-0.3096279793039436,
ENOG4102NDK,ENOG410IUMQ,Mm,0.41521935545599997,0.18001501733332875,
ENOG4102NDK,ENOG410IUVJ,Mm,-0.12340020489299999,-0.2557856242802333,
ENOG4102NDK,ENOG410IW5Z,Mm,-0.318270727675,0.5212815159708677,
ENOG4102NDK,ENOG410KCT5,Mm,0.27963906551999995,0.1030230842568773,
ENOG4102NDK,ENOG410KCXR,Mm,0.5005322776910001,-0.09180072598382535,
ENOG4102NDK,ENOG410KD8M,Mm,0.145495958982,-0.03902290702491429,
ENOG4102NDK,ENOG410KDIF,Mm,-0.21375394802499997,-0.4641594676569264,
ENOG4102NDK,ENOG410KDN3,Mm,-0.206357314555,0.03224367429359559,
ENOG4102NDK,ENOG410RRWH,Mm,0.09820286530919999,-0.20966805806869693,
ENOG4102NDK,ENOG410RSYT,Mm,0.0124287237295,0.5318652124761728,
ENOG4102NDK,ENOG410S0BI,Mm,0.7441855248929999,-0.1883643107762435,
ENOG4102NDK,ENOG410VI9I,Mm,0.24579594717599998,0.4192543487444674,
ENOG4102NDK,ENOG410VIAK,Mm,0.65203710467,-0.025047023637244505,
ENOG4102NDK,KOG0005,Mm,-0.17679592904199998,-0.3607465748330009,
ENOG4102NDK,KOG0007,Mm,0.0632638405583,0.19270973730557803,
ENOG4102NDK,KOG0018,Mm,0.0035156661192,0.22673086847663676,
ENOG4102NDK,KOG0020,Mm,0.630406097249,-0.2242717232210575,
ENOG4102NDK,KOG0050,Mm,0.627645028158,0.2186994199878058,
ENOG4102NDK,KOG0052,Mm,0.37920371380500006,0.08169814650204524,
ENOG4102NDK,KOG0067,Mm,-0.341743311715,0.1720903531910779,
ENOG4102NDK,KOG0103,Mm,0.340287848309,-0.4761409875838756,
ENOG4102NDK,KOG0107,Mm,0.7694001442020001,-0.09857479203774322,
ENOG4102NDK,KOG0113,Mm,0.7026386833480001,0.10761262248788302,
ENOG4102NDK,KOG0114,Mm,0.428732190851,-0.351816616468874,
ENOG4102NDK,KOG0115,Mm,-0.28910371323600004,-0.2864252135508232,
ENOG4102NDK,KOG0116,Mm,0.346939973199,-0.5172552762248667,
ENOG4102NDK,KOG0122,Mm,0.504467516529,-0.5845688236220079,
ENOG4102NDK,KOG0123,Mm,0.125030323497,-0.6059887876719392,
ENOG4102NDK,KOG0174,Mm,0.0735133370696,-0.16914085251707495,
ENOG4102NDK,KOG0175,Mm,0.073513310559,-0.3433289997989698,
ENOG4102NDK,KOG0176,Mm,-0.0187360079327,0.3242237174167782,
ENOG4102NDK,KOG0177,Mm,-0.0541649438219,0.17323370278227623,
ENOG4102NDK,KOG0178,Mm,0.0193587665965,0.09825569607239497,
ENOG4102NDK,KOG0179,Mm,0.020144683216699998,0.15725695808517534,
ENOG4102NDK,KOG0181,Mm,0.0142499120202,0.054228165427974324,
ENOG4102NDK,KOG0182,Mm,-0.0581070072635,0.2970512573959853,
ENOG4102NDK,KOG0183,Mm,0.0511237951401,0.186370533821718,
ENOG4102NDK,KOG0184,Mm,0.019712441254599998,-0.3842691311864324,
ENOG4102NDK,KOG0185,Mm,-0.0166016004261,0.21445511113041735,
ENOG4102NDK,KOG0213,Mm,0.220786594009,-0.11636264044191122,
ENOG4102NDK,KOG0260,Mm,0.263920794224,0.13584647724403126,
ENOG4102NDK,KOG0264,Mm,0.813587441065,-0.10130743718128664,
ENOG4102NDK,KOG0285,Mm,0.0268762344792,0.19491034855196476,
ENOG4102NDK,KOG0311,Mm,0.35148953813199996,-0.024912130388033502,
ENOG4102NDK,KOG0333,Mm,0.18470001114300003,0.46083107468731743,
ENOG4102NDK,KOG0358,Mm,0.002539178065,0.4217854652189597,
ENOG4102NDK,KOG0359,Mm,-0.041389141638000004,-0.0021643677695793056,
ENOG4102NDK,KOG0361,Mm,-0.137914092216,-0.22253266734215665,
ENOG4102NDK,KOG0363,Mm,-0.023136666557499998,-0.05821398543545005,
ENOG4102NDK,KOG0364,Mm,0.139117648614,-0.2453294055867636,
ENOG4102NDK,KOG0391,Mm,-0.042241839691399996,0.1567067103700784,
ENOG4102NDK,KOG0466,Mm,0.0144720700434,0.34850465716464696,
ENOG4102NDK,KOG0469,Mm,0.204045861705,0.166845203282675,
ENOG4102NDK,KOG0478,Mm,0.046544952549099995,-0.01904559347721532,
ENOG4102NDK,KOG0480,Mm,0.10818384387,-0.3477188596589376,
ENOG4102NDK,KOG0481,Mm,0.06168363954390001,0.5589309565435249,
ENOG4102NDK,KOG0543,Mm,0.100075283914,-0.4186731724575901,
ENOG4102NDK,KOG0649,Mm,-0.0377812040921,0.37965349910791585,
ENOG4102NDK,KOG0651,Mm,0.583821147432,-0.4729981188689292,
ENOG4102NDK,KOG0652,Mm,0.335715941241,-0.1641636674996959,
ENOG4102NDK,KOG0653,Mm,0.0154375176991,0.09136742455904517,
ENOG4102NDK,KOG0657,Mm,-0.321524608361,0.4300925994809258,
ENOG4102NDK,KOG0658,Mm,-0.169265541159,-0.11335737162757639,
ENOG4102NDK,KOG0668,Mm,0.5581668426640001,-0.18275231467785955,
ENOG4102NDK,KOG0679,Mm,0.299911297008,1.0402405251532618,
ENOG4102NDK,KOG0727,Mm,0.36954015930699996,-0.12266106547164272,
ENOG4102NDK,KOG0728,Mm,0.33798965091600003,0.2669236128931325,
ENOG4102NDK,KOG0729,Mm,0.44461894691200005,0.32698636551183796,
ENOG4102NDK,KOG0841,Mm,0.718884786006,0.23879077720668404,
ENOG4102NDK,KOG0952,Mm,0.6432730288840001,0.5771015496262927,
ENOG4102NDK,KOG0967,Mm,0.0633053722982,-0.7614216187551387,
ENOG4102NDK,KOG0977,Mm,0.6602584183560001,0.4151606351092878,
ENOG4102NDK,KOG0985,Mm,0.324635553749,-0.45723601915764495,
ENOG4102NDK,KOG1009,Mm,0.113712936415,0.102749401376753,
ENOG4102NDK,KOG1036,Mm,-0.22028747418900002,-0.22893492133193616,
ENOG4102NDK,KOG1062,Mm,-0.100322016641,-0.24128321388280152,
ENOG4102NDK,KOG1105,Mm,-0.12270703050899999,0.030739970930466542,
ENOG4102NDK,KOG1135,Mm,0.334692376525,0.5409621727628674,
ENOG4102NDK,KOG0005,Dd,-0.0398315175313,0.028872759555422043,
ENOG4102NDK,KOG0007,Dd,-0.0648873435246,0.21682705999093974,
ENOG4102NDK,KOG0020,Dd,0.272911939635,0.029313491921456353,
ENOG4102NDK,KOG0052,Dd,0.104752512268,0.1521605716103852,
ENOG4102NDK,KOG0103,Dd,-0.0058941161767,-0.6722987005084069,
ENOG4102NDK,KOG0107,Dd,-0.007857061484,0.3936381736599461,
ENOG4102NDK,KOG0116,Dd,0.0650153353613,0.10016913208769156,
ENOG4102NDK,KOG0122,Dd,-0.145940442645,0.10765359628946844,
ENOG4102NDK,KOG0123,Dd,-0.00878243250779,0.2932129677400284,
ENOG4102NDK,KOG0174,Dd,0.296389686269,-0.10826240167769981,
ENOG4102NDK,KOG0175,Dd,0.299041765664,0.12841345476599067,
ENOG4102NDK,KOG0176,Dd,0.290673905784,-0.5038816022854027,
ENOG4102NDK,KOG0177,Dd,0.30858869686,0.004975586462179263,
ENOG4102NDK,KOG0178,Dd,0.298635836644,0.08981433517154587,
ENOG4102NDK,KOG0179,Dd,0.271205341107,0.3050315786740361,
ENOG4102NDK,KOG0180,Dd,0.318630766046,0.049596097084518405,
ENOG4102NDK,KOG0181,Dd,0.242535696995,-0.16821446849012303,
ENOG4102NDK,KOG0182,Dd,0.27718015579599997,0.22800427504525236,
ENOG4102NDK,KOG0183,Dd,0.32134956385200003,0.29225053994456784,
ENOG4102NDK,KOG0184,Dd,0.269991248274,0.15306656514460457,
ENOG4102NDK,KOG0185,Dd,0.353327862848,-0.05892483950950087,
ENOG4102NDK,KOG0198,Dd,0.113138730614,-0.5003997941526982,
ENOG4102NDK,KOG0260,Dd,0.119420409766,0.5493564093728555,
ENOG4102NDK,KOG0264,Dd,0.1877096274,-0.25049408362881287,
ENOG4102NDK,KOG0333,Dd,-0.0631557417735,-0.03284025080077969,
ENOG4102NDK,KOG0359,Dd,0.0980145732513,-0.33448899833486617,
ENOG4102NDK,KOG0361,Dd,-0.014769490517599999,-0.07086620739227761,
ENOG4102NDK,KOG0466,Dd,0.0346971871439,-0.03318320623781274,
ENOG4102NDK,KOG0469,Dd,0.12033226203,-0.19018239470649198,
ENOG4102NDK,KOG0480,Dd,0.230525852623,-0.31057536766786187,
ENOG4102NDK,KOG0543,Dd,-0.0589701278578,-0.265956295233125,
ENOG4102NDK,KOG0651,Dd,0.364493458216,-0.6844487600006245,
ENOG4102NDK,KOG0652,Dd,0.325010313544,0.49305396894054854,
ENOG4102NDK,KOG0657,Dd,0.0697982990505,-0.48952974988303155,
ENOG4102NDK,KOG0658,Dd,0.111283616085,-0.18686092995497453,
ENOG4102NDK,KOG0668,Dd,0.42456800912,0.1297174337883639,
ENOG4102NDK,KOG0674,Dd,0.2052813854,0.09479278414494403,
ENOG4102NDK,KOG0679,Dd,-0.07071427308389999,-0.31023100006637805,
ENOG4102NDK,KOG0687,Dd,0.08846185952639998,0.4866566474880722,
ENOG4102NDK,KOG0811,Dd,0.10255263863700001,-0.20136497445390567,
ENOG4102NDK,KOG0841,Dd,0.290196243035,0.058176548045874826,
ENOG4102NDK,KOG0952,Dd,0.010025689129299999,0.4399135030037793,
ENOG4102NDK,KOG0970,Dd,0.047592024921,-0.12388468286568263,
ENOG4102NDK,KOG0985,Dd,0.0954191079281,0.14757624005845252,
ENOG4102NDK,KOG1060,Dd,0.207121897874,0.26642064967199725,
ENOG4102NDK,KOG1062,Dd,0.043078051259500004,-0.40475381523238674,
ENOG4102NDK,KOG1101,Dd,0.15085840430800002,0.07629407387415107,
ENOG4102NDK,KOG1279,Dd,-0.0449122494878,-0.06731503964300621,
ENOG4102NDK,KOG1350,Dd,0.057192888327500004,0.256137812603409,
ENOG4102NDK,KOG1376,Dd,0.20370277080600002,0.13690641577778176,
ENOG4102NDK,KOG1475,Dd,0.27828277614700003,0.4664619549758362,
ENOG4102NDK,KOG1531,Dd,-0.027753314243200003,-0.06550963596919601,
ENOG4102NDK,KOG1554,Dd,0.37231946316500003,-0.06379192792800838,
ENOG4102NDK,KOG1652,Dd,-0.04327095652480001,-0.050556117121259785,
ENOG4102NDK,KOG1670,Dd,0.050994110519000005,-0.23960089792331413,
ENOG4102NDK,KOG1694,Dd,0.344138291237,-0.5043822303805928,
ENOG4102NDK,KOG1748,Dd,0.164449855299,-0.4743270956333502,
ENOG4102NDK,KOG1758,Dd,0.08579149856030001,-0.21168553195534498,
ENOG4102NDK,KOG1760,Dd,-0.100969911179,-0.1939662437781343,
ENOG4102NDK,KOG1769,Dd,0.0298338963746,0.35682119362656567,
ENOG4102NDK,KOG1780,Dd,-0.0967250121794,0.3464977071536181,
ENOG4102NDK,KOG1783,Dd,-0.060990172395,-0.08823390465579219,
ENOG4102NDK,KOG1784,Dd,-0.055250172701199994,-0.5468626048933944,
ENOG4102NDK,KOG1795,Dd,0.243185238292,-0.34141621509206105,
ENOG4102NDK,KOG1898,Dd,-0.013767633591,0.20962245723446044,
ENOG4102NDK,KOG1942,Dd,0.09044052782630001,0.3207104228520198,
ENOG4102NDK,KOG2005,Dd,0.35024665513000003,0.16756672687027016,
ENOG4102NDK,KOG2062,Dd,0.284656294383,-0.3546459539655778,
ENOG4102NDK,KOG2128,Dd,0.249261853826,-0.2885218502402238,
ENOG4102NDK,KOG2167,Dd,-0.0546428237864,0.10828021703698652,
ENOG4102NDK,KOG2282,Dd,0.0346631608344,-0.1311642792653412,
ENOG4102NDK,KOG2309,Dd,0.29849436706599997,0.37578282143606273,
ENOG4102NDK,KOG2314,Dd,0.335874398949,0.03133822798205943,
ENOG4102NDK,KOG2393,Dd,-0.00764664102543,0.2225435737626687,
ENOG4102NDK,KOG2581,Dd,0.366443750995,-0.01589408942149585,
ENOG4102NDK,KOG2582,Dd,0.29985163337299997,0.46304577893117105,
ENOG4102NDK,KOG2740,Dd,-0.0389922931849,-0.5347101777550111,
ENOG4102NDK,KOG2747,Dd,-0.027828275024900002,0.5569068738817493,
ENOG4102NDK,KOG2768,Dd,-0.0192258145635,0.4167943269943575,
ENOG4102NDK,KOG2988,Dd,0.364400556619,-0.2330822024032297,
ENOG4102NDK,KOG3048,Dd,-0.105104362976,-0.30890296467658285,
ENOG4102NDK,KOG3092,Dd,0.37706908920000004,0.22292048041131585,
ENOG4102NDK,KOG3172,Dd,-0.125378648892,0.34908281482640235,
ENOG4102NDK,KOG3174,Dd,0.139552331506,-0.3323534119354668,
ENOG4102NDK,KOG3196,Dd,0.198055864566,-0.16064400739076795,
ENOG4102NDK,KOG3204,Dd,0.0505875494378,-0.1287228020402789,
ENOG4102NDK,KOG3230,Dd,-0.0787100124808,0.48197978744225967,
ENOG4102NDK,KOG3291,Dd,0.34621887667400003,0.02939664753960237,
ENOG4102NDK,KOG3293,Dd,-0.0790405437399,-0.1045632982657708,
ENOG4102NDK,KOG3389,Dd,-0.103975527711,0.1343902689891125,
ENOG4102NDK,KOG3428,Dd,-0.0883638290725,0.6281818103667237,
ENOG4102NDK,KOG3460,Dd,-0.0771334450666,0.2560689526824777,
ENOG4102NDK,KOG3468,Dd,0.190630017154,-0.4076471715525967,
ENOG4102NDK,KOG3600,Dd,-0.0665401433115,-0.5457545220906428,
ENOG4102NDK,KOG3667,Dd,-0.115983366973,0.12818049135482662,
ENOG4102NDK,KOG3689,Dd,0.12649599093299999,0.3240490185444376,
ENOG4102NDK,KOG4098,Dd,-0.0352055879798,0.14145555755168174,
ENOG4102NDK,KOG4203,Dd,-0.11328279855999998,-0.06960378125859769,
ENOG4102NDK,KOG4204,Dd,0.09912395223300001,-0.1606482944000646,
ENOG4102NDK,KOG4213,Dd,-0.0661639252976,0.44686376220356977,
ENOG4102NDK,ENOG410DVJQ,Nv,0.07739231687680001,-0.05984103206606686,
ENOG4102NDK,ENOG410E7H7,Nv,-0.0351107547526,0.13875553484538533,
ENOG4102NDK,ENOG410IJXM,Nv,0.308951301069,0.45315517306494124,
ENOG4102NDK,ENOG410IR3P,Nv,0.134007532129,-0.19397880372843804,
ENOG4102NDK,ENOG410IRZW,Nv,0.249898860548,0.46579767256358007,
ENOG4102NDK,ENOG410IT51,Nv,-0.0296761034123,-0.1660620563716293,
ENOG4102NDK,ENOG410V4B8,Nv,-0.07309296857910001,0.2732542734605145,
ENOG4102NDK,ENOG410V4MK,Nv,-0.09076311338189999,0.758235800239006,
ENOG4102NDK,ENOG410VI9I,Nv,0.14750742832,0.1357052822461307,
ENOG4102NDK,KOG0007,Nv,-0.0684325109496,0.5531347385098323,
ENOG4102NDK,KOG0018,Nv,0.100707337633,-0.38671691662438207,
ENOG4102NDK,KOG0020,Nv,0.255657785656,-0.12477233031605975,
ENOG4102NDK,KOG0052,Nv,0.0175275383284,0.011432542565430932,
ENOG4102NDK,KOG0103,Nv,-0.294426692016,0.045122898326426165,
ENOG4102NDK,KOG0122,Nv,-0.0653708850095,0.24285519112673976,
ENOG4102NDK,KOG0123,Nv,-0.09674527357200001,0.062455129579760536,
ENOG4102NDK,KOG0174,Nv,0.518712524164,-0.39012943261083793,
ENOG4102NDK,KOG0175,Nv,0.522968124898,-0.09182220968580222,
ENOG4102NDK,KOG0176,Nv,0.437740834895,0.3551685278387069,
ENOG4102NDK,KOG0177,Nv,0.446253172993,0.2559176740298809,
ENOG4102NDK,KOG0178,Nv,0.29373398818199997,0.136783152325513,
ENOG4102NDK,KOG0179,Nv,0.38754414380900004,0.34705395125131566,
ENOG4102NDK,KOG0180,Nv,0.428149038584,-0.16693528400628596,
ENOG4102NDK,KOG0181,Nv,0.27789267304299997,0.09157626446533847,
ENOG4102NDK,KOG0182,Nv,0.436524570832,-0.05401126049840666,
ENOG4102NDK,KOG0183,Nv,0.452854740304,0.0817771071718526,
ENOG4102NDK,KOG0184,Nv,0.292598104487,-0.47513524410420477,
ENOG4102NDK,KOG0185,Nv,0.375910870167,-0.0014515517418160547,
ENOG4102NDK,KOG0264,Nv,0.202889400539,-0.0352059094366185,
ENOG4102NDK,KOG0358,Nv,-0.11698246839299999,-0.1782238723157988,
ENOG4102NDK,KOG0359,Nv,0.10680119832599999,0.2396637810096934,
ENOG4102NDK,KOG0361,Nv,0.0344974753683,0.46261764983660325,
ENOG4102NDK,KOG0363,Nv,-0.0650080875796,0.7443456103589362,
ENOG4102NDK,KOG0364,Nv,0.15558924407,-0.33165347007395146,
ENOG4102NDK,KOG0466,Nv,0.144595127317,-0.11657104510709951,
ENOG4102NDK,KOG0469,Nv,-0.11824061368699999,-0.1391268410110054,
ENOG4102NDK,KOG0478,Nv,0.176916673537,0.3180397404636222,
ENOG4102NDK,KOG0480,Nv,0.31398565261100003,-0.07597914400192111,
ENOG4102NDK,KOG0481,Nv,0.19327524003199997,-0.20853482594412762,
ENOG4102NDK,KOG0639,Nv,-0.0265747602167,-0.8602387566324078,
ENOG4102NDK,KOG0651,Nv,0.422405092507,-0.012712852322480112,
ENOG4102NDK,KOG0652,Nv,0.226299938309,-0.677129377784166,
ENOG4102NDK,KOG0653,Nv,-0.170415809375,-0.060777490313202426,
ENOG4102NDK,KOG0657,Nv,-0.160065911766,0.19877676878516493,
ENOG4102NDK,KOG0659,Nv,-0.08576042812750001,-0.06394408796250498,
ENOG4102NDK,KOG0674,Nv,-0.056300898656099996,0.4032389110071213,
ENOG4102NDK,KOG0687,Nv,0.107401254242,0.2869641727124245,
ENOG4102NDK,KOG0727,Nv,0.26009179179200004,-0.047139131833464736,
ENOG4102NDK,KOG0728,Nv,0.282485799333,0.15216074408766908,
ENOG4102NDK,KOG0729,Nv,0.350235953374,-0.017858259297093365,
ENOG4102NDK,KOG0811,Nv,0.0181101554759,0.48610767899392815,
ENOG4102NDK,KOG0841,Nv,0.429772299367,-0.0962005289484999,
ENOG4102NDK,KOG0870,Nv,0.0473928299539,-0.28347752043158403,
ENOG4102NDK,KOG0952,Nv,0.184178521662,-0.1976915585784814,
ENOG4102NDK,KOG0967,Nv,-0.165552388926,-0.2356670828648264,
ENOG4102NDK,KOG0969,Nv,0.396512027684,0.38763792600559605,
ENOG4102NDK,KOG0985,Nv,0.408639049244,-0.28648074494230774,
ENOG4102NDK,KOG1036,Nv,-0.191184787566,-0.013214352672819863,
ENOG4102NDK,KOG1062,Nv,-0.05384191120969999,0.033867205035031385,
ENOG4102NDK,KOG1105,Nv,0.0004075749995330001,-0.19174787613797653,
ENOG4102NDK,KOG1131,Nv,-0.108460295755,-0.27547076167452933,
ENOG4102NDK,KOG1242,Nv,0.338038092294,-0.02876773037135221,
ENOG4102NDK,KOG1264,Nv,-0.0831177900126,-0.5113556167840614,
ENOG4102NDK,KOG1376,Nv,0.590325583388,-0.24276618819238754,
ENOG4102NDK,KOG1463,Nv,0.141671019082,0.495378365863386,
ENOG4102NDK,KOG1475,Nv,0.42684510106299994,-0.22480816766674366,
ENOG4102NDK,KOG1498,Nv,0.0122402305707,0.12218365521382364,
ENOG4102NDK,KOG1554,Nv,0.0761240917028,0.19053620684941994,
ENOG4102NDK,KOG1596,Nv,0.392393245797,0.14672975584510659,
ENOG4102NDK,KOG1655,Nv,-0.149482207271,0.35737256856393124,
ENOG4102NDK,KOG1666,Nv,0.011333853629000001,-0.07690889254555765,
ENOG4102NDK,KOG1670,Nv,-0.170715292731,-0.10352697305944093,
ENOG4102NDK,KOG1694,Nv,0.443304499816,0.07740462122847828,
ENOG4102NDK,KOG1705,Nv,-0.188864668281,-0.04139343707702115,
ENOG4102NDK,KOG1757,Nv,0.116847121201,-0.17216774325165551,
ENOG4102NDK,KOG1760,Nv,-0.11092898920199999,0.48491501684287047,
ENOG4102NDK,KOG1769,Nv,-0.0952471907408,-0.4031116720184837,
ENOG4102NDK,KOG1774,Nv,0.400557853872,-0.38031357675332567,
ENOG4102NDK,KOG1780,Nv,-0.051387969472,-0.37732292218095753,
ENOG4102NDK,KOG1783,Nv,0.0164398063732,-0.17134475802823834,
ENOG4102NDK,KOG2005,Nv,0.132300431518,0.0024179514949005665,
ENOG4102NDK,KOG2062,Nv,0.09043021372950001,-0.401814906362645,
ENOG4102NDK,KOG2167,Nv,0.0245244563545,0.23376970999644553,
ENOG4102NDK,KOG2245,Nv,0.0398510128425,0.291942205344939,
ENOG4102NDK,KOG2260,Nv,-0.138533485219,-0.012235255669446247,
ENOG4102NDK,KOG2309,Nv,0.568608748724,-0.05203444141565405,
ENOG4102NDK,KOG2326,Nv,0.027000101672999998,-0.126838883620136,
ENOG4102NDK,KOG2496,Nv,-0.093614102763,0.29831822878829417,
ENOG4102NDK,KOG2581,Nv,0.172201706804,-0.023557807609030392,
ENOG4102NDK,KOG2655,Nv,0.137020624227,-0.4258418059183665,
ENOG4102NDK,KOG2732,Nv,-0.228038417437,0.066527510805745,
ENOG4102NDK,KOG2768,Nv,0.264652979603,0.1335208409046791,
ENOG4102NDK,KOG2908,Nv,0.174448252912,0.3000456141784243,
ENOG4102NDK,KOG2930,Nv,0.173302168703,-0.1877525285603669,
ENOG4102NDK,KOG2988,Nv,0.500169059611,-0.17608523308040153,
ENOG4102NDK,KOG3070,Nv,0.572675399992,0.2898418907367125,
ENOG4102NDK,KOG3151,Nv,-0.07848959191289999,-0.03340164032407428,
ENOG4102NDK,KOG3168,Nv,0.293582970946,-0.08611078107507605,
ENOG4102NDK,KOG3172,Nv,0.292261799161,0.06897573024256393,
ENOG4102NDK,KOG3174,Nv,0.0120772776474,-0.12230225578170947,
ENOG4102NDK,ENOG410DQ8H,Sp,0.186042593735,0.4728360488589602,
ENOG4102NDK,ENOG410DVJQ,Sp,0.210508813943,-0.246769750028983,
ENOG4102NDK,ENOG410IEFR,Sp,-0.164059923268,0.21072096521219796,
ENOG4102NDK,ENOG410IF68,Sp,0.176381679448,0.09152183219153928,
ENOG4102NDK,ENOG410IG8F,Sp,-0.161846264595,0.6371809638483771,
ENOG4102NDK,ENOG410IJDN,Sp,0.0449969292124,-0.06319544279019333,
ENOG4102NDK,ENOG410INB8,Sp,0.139127768032,-0.14141912060606887,
ENOG4102NDK,ENOG410INB9,Sp,0.12352722324200001,-0.23797550259977793,
ENOG4102NDK,ENOG410IPRK,Sp,0.313964786152,-0.1618126925492255,
ENOG4102NDK,ENOG410IPTC,Sp,0.329944546337,-0.009374563851964893,
ENOG4102NDK,ENOG410IREB,Sp,0.4949694133,0.0928945397808428,
ENOG4102NDK,ENOG410IRS7,Sp,0.136818800199,0.44338446237182105,
ENOG4102NDK,ENOG410IRZW,Sp,0.20109127837299998,0.03006439186493848,
ENOG4102NDK,ENOG410IT51,Sp,-0.199007212337,0.1303153333918128,
ENOG4102NDK,ENOG410IXWI,Sp,0.101153857528,0.16041080343369,
ENOG4102NDK,ENOG410IZRM,Sp,-0.15983685409099999,-0.16863438825613944,
ENOG4102NDK,ENOG410J0KM,Sp,-0.16262139593699998,-0.025080694667428245,
ENOG4102NDK,ENOG410KD7N,Sp,-0.0311325669045,-0.31481356536347627,
ENOG4102NDK,ENOG410VI9I,Sp,0.335041110057,-0.11143272340006082,
ENOG4102NDK,KOG0005,Sp,-0.18210787219900001,-0.230999622718503,
ENOG4102NDK,KOG0007,Sp,0.331286231501,-0.39766403709172565,
ENOG4102NDK,KOG0018,Sp,0.184935867217,-0.2549204497282892,
ENOG4102NDK,KOG0020,Sp,0.8167295744449999,-0.19343920425889896,
ENOG4102NDK,KOG0050,Sp,0.0819830721363,-0.033478343539168766,
ENOG4102NDK,KOG0052,Sp,0.5742640474499999,-0.13590431363745809,
ENOG4102NDK,KOG0067,Sp,-0.280373530627,0.08222858098104163,
ENOG4102NDK,KOG0103,Sp,0.499520328248,0.31664072075801075,
ENOG4102NDK,KOG0107,Sp,0.259217782778,-0.14254811353701105,
ENOG4102NDK,KOG0113,Sp,0.255793696086,-0.3185874484831225,
ENOG4102NDK,KOG0115,Sp,-0.106739331874,0.7473270314022932,
ENOG4102NDK,KOG0116,Sp,0.0983587351807,-0.0025725944852784005,
ENOG4102NDK,KOG0122,Sp,0.333159653961,0.03597199867170236,
ENOG4102NDK,KOG0123,Sp,0.137537881452,-0.42825517765717624,
ENOG4102NDK,KOG0174,Sp,0.26861021181899997,0.04120927411938186,
ENOG4102NDK,KOG0175,Sp,0.24874791151099998,-0.21637189626933004,
ENOG4102NDK,KOG0176,Sp,0.196422981683,0.10882093824295763,
ENOG4102NDK,KOG0177,Sp,0.139962431973,-0.22882253746587541,
ENOG4102NDK,KOG0178,Sp,0.338847852444,0.14431783710570745,
ENOG4102NDK,KOG0179,Sp,0.23156961562,-0.4329645790051575,
ENOG4102NDK,KOG0181,Sp,0.09643247734810001,0.5882845489381728,
ENOG4102NDK,KOG0182,Sp,0.298283748544,-0.07184223827039111,
ENOG4102NDK,KOG0183,Sp,0.302086981781,0.3486732739383436,
ENOG4102NDK,KOG0184,Sp,0.247509157144,-0.1095776166137656,
ENOG4102NDK,KOG0185,Sp,0.196622878751,-0.23835170008320583,
ENOG4102NDK,KOG0198,Sp,-0.0482616958252,0.3830745326467439,
ENOG4102NDK,KOG0213,Sp,0.19855530464899998,0.5583385800741358,
ENOG4102NDK,KOG0260,Sp,0.23751228994800003,-0.22751985488277726,
ENOG4102NDK,KOG0264,Sp,0.778853054404,-0.19484017237125562,
ENOG4102NDK,KOG0285,Sp,-0.179824637647,0.12228218922890302,
ENOG4102NDK,KOG0333,Sp,0.253077906555,-0.08016227965740023,
ENOG4102NDK,KOG0358,Sp,0.279837828987,0.3822209754371842,
ENOG4102NDK,KOG0359,Sp,0.294800442331,0.006872214953775307,
ENOG4102NDK,KOG0361,Sp,0.22459512341899998,-0.16382814401025197,
ENOG4102NDK,KOG0363,Sp,0.030760233579799998,0.14242494893613025,
ENOG4102NDK,KOG0364,Sp,0.351835656361,0.44252699209217944,
ENOG4102NDK,KOG0466,Sp,0.137670704275,-0.07399209575644802,
ENOG4102NDK,KOG0469,Sp,0.263052792043,-0.030603682121373415,
ENOG4102NDK,KOG0478,Sp,0.522361122709,0.3703089410333399,
ENOG4102NDK,KOG0480,Sp,0.613350044444,-0.21009043501924562,
ENOG4102NDK,KOG0481,Sp,0.604597674309,-0.2398214056315514,
ENOG4102NDK,KOG0543,Sp,-0.137136002629,0.1257414769571721,
ENOG4102NDK,KOG0616,Sp,-0.273142228221,-0.29909774642338505,
ENOG4102NDK,KOG0639,Sp,-0.015159924197200001,-0.21057519594745974,
ENOG4102NDK,KOG0651,Sp,0.657510714683,-0.13892660565064513,
ENOG4102NDK,KOG0652,Sp,0.596620408952,-0.24185426286054543,
ENOG4102NDK,KOG0657,Sp,-0.35993478689400005,0.5019911377903102,
ENOG4102NDK,KOG0668,Sp,0.32141117179699996,0.11410684296302594,
ENOG4102NDK,KOG0674,Sp,0.6060701162650001,0.2978571710214709,
ENOG4102NDK,KOG0686,Sp,0.184490647834,-0.16463422394199032,
ENOG4102NDK,KOG0687,Sp,0.463981211558,0.4397497940248343,
ENOG4102NDK,KOG0727,Sp,0.5765120641100001,0.08337383591417687,
ENOG4102NDK,KOG0728,Sp,0.488149481659,-0.17202241957859887,
ENOG4102NDK,KOG0729,Sp,0.595120359904,-0.17711617104764993,
ENOG4102NDK,KOG0834,Sp,0.036014981235699996,-0.035448060586948806,
ENOG4102NDK,KOG0841,Sp,0.424633453029,0.030883563895144406,
ENOG4102NDK,KOG0860,Sp,-0.08933625254699999,-0.027061359781509496,
ENOG4102NDK,KOG0870,Sp,0.33166326595199996,0.15886008881323685,
ENOG4102NDK,KOG0891,Sp,-0.067444419408,-0.315920272325638,
ENOG4102NDK,KOG0936,Sp,-0.0018189757095,-0.49968564872922827,
ENOG4102NDK,KOG0952,Sp,0.35601599197300005,-0.21981667704186805,
ENOG4102NDK,KOG0967,Sp,0.00357600176764,-0.18011382143387902,
ENOG4102NDK,KOG0969,Sp,0.013064811352200001,0.18431189287957075,
ENOG4102NDK,KOG0970,Sp,-0.0508621212974,-0.13038904353530587,
ENOG4102NDK,KOG0985,Sp,0.561054186726,-0.20593123685407164,
ENOG4102NDK,KOG1009,Sp,0.156261172842,-0.008229627053011291,
ENOG4102NDK,KOG1036,Sp,-0.107969214002,-0.3666905893867864,
ENOG4102NDK,KOG1060,Sp,0.262970869674,-0.2315579994637659,
ENOG4102NDK,KOG1062,Sp,-0.159980256831,0.17278904540107753,
ENOG4102NDK,KOG1105,Sp,-0.143307153203,0.17545159479306116,
ENOG4102NDK,KOG1190,Sp,-0.32616755783,0.018917831839206457,
ENOG4102NDK,KOG1242,Sp,0.0732562968329,0.12526851578178225,
ENOG4102NDK,KOG1279,Sp,0.34091657345,-0.42173746516509647,
ENOG4102NDK,KOG1342,Sp,0.043791989945,0.18459348082111343,
ENOG4102NDK,KOG1376,Sp,0.732663567834,0.07367890375227737,
ENOG4102NDK,KOG1463,Sp,0.514514363195,-0.3511288715078088,
ENOG4102NDK,KOG1475,Sp,0.671808167064,-0.06100150169630067,
ENOG4102NDK,KOG1497,Sp,0.262220544188,-0.17136813487709676,
ENOG4102NDK,KOG1498,Sp,0.226235093719,0.2413015684204243,
ENOG4102NDK,KOG1554,Sp,0.551333101411,-0.3003199036699061,
ENOG4102NDK,KOG1588,Sp,-0.20557222358,-0.30284678610133875,
ENOG4102NDK,ENOG4104K0S,Xl,0.6711610949860001,0.6636523597830162,
ENOG4102NDK,ENOG4104N2M,Xl,0.53894586583,-0.1727786606172641,
ENOG4102NDK,ENOG41050P9,Xl,0.38145942667599997,-0.1812319654991806,
ENOG4102NDK,ENOG410DQ8H,Xl,0.498700327444,-0.05369315997914275,
ENOG4102NDK,ENOG410IHZM,Xl,0.150093181189,-0.13387286622444622,
ENOG4102NDK,ENOG410IN2U,Xl,0.38146430194700004,-0.0011557121742591053,
ENOG4102NDK,ENOG410IPRK,Xl,0.41539318166,0.45277921548889655,
ENOG4102NDK,ENOG410IQ88,Xl,0.185085103274,0.18442873240991522,
ENOG4102NDK,ENOG410IRS7,Xl,0.494060348937,-0.5705289039661608,
ENOG4102NDK,ENOG410IZ0U,Xl,0.25055631336,-0.35584469211868724,
ENOG4102NDK,ENOG410IZRM,Xl,0.538615038978,0.5066095303382754,
ENOG4102NDK,ENOG410KCXR,Xl,0.543006939323,-0.31185233378189614,
ENOG4102NDK,ENOG410KDIF,Xl,0.520069563183,-0.10877479770057005,
ENOG4102NDK,ENOG410KDN3,Xl,0.470333573418,0.23019786298936956,
ENOG4102NDK,ENOG410RPCU,Xl,0.28879505456099996,-0.07750294936652258,
ENOG4102NDK,ENOG410RSHA,Xl,0.24674854723200002,0.0790792488249978,
ENOG4102NDK,ENOG410RV5X,Xl,0.544300775463,0.5051949363161562,
ENOG4102NDK,ENOG410V4B8,Xl,0.210515361807,-0.09589233580960609,
ENOG4102NDK,ENOG410V4MK,Xl,0.29955847602200003,0.13408185071013237,
ENOG4102NDK,KOG0005,Xl,0.413475176761,0.1683033709050332,
ENOG4102NDK,KOG0007,Xl,0.498511666376,0.05518377421085823,
ENOG4102NDK,KOG0018,Xl,-0.059345477971199996,0.48481626001134204,
ENOG4102NDK,KOG0020,Xl,0.48243546660899994,0.37315668502928573,
ENOG4102NDK,KOG0052,Xl,0.65381570431,0.22461740274931127,
ENOG4102NDK,KOG0103,Xl,0.734402594305,0.11070364201987325,
ENOG4102NDK,KOG0113,Xl,0.193584267117,-0.7612488742682566,
ENOG4102NDK,KOG0114,Xl,0.436908330587,-0.114074171008893,
ENOG4102NDK,KOG0116,Xl,0.78032515214,-0.018282437168488777,
ENOG4102NDK,KOG0122,Xl,0.0858101495133,-0.20472005332066132,
ENOG4102NDK,KOG0123,Xl,0.4907822023100001,0.4475963753543612,
ENOG4102NDK,KOG0174,Xl,0.491353908992,0.005742468670421346,
ENOG4102NDK,KOG0175,Xl,0.5491251649960001,0.04992631423331654,
ENOG4102NDK,KOG0176,Xl,0.633505686674,-0.08032428847544192,
ENOG4102NDK,KOG0177,Xl,0.5392273745480001,-0.10837463083221607,
ENOG4102NDK,KOG0178,Xl,0.55442009279,0.12543716876850763,
ENOG4102NDK,KOG0179,Xl,0.549522105069,0.13262192272831635,
ENOG4102NDK,KOG0180,Xl,0.573563350001,0.3042419110046646,
ENOG4102NDK,KOG0181,Xl,0.596524916119,0.025157575773183755,
ENOG4102NDK,KOG0182,Xl,0.568169815275,-0.33285343373551685,
ENOG4102NDK,KOG0183,Xl,0.570344837785,0.09307766375662326,
ENOG4102NDK,KOG0184,Xl,0.541817841422,0.27600958626159455,
ENOG4102NDK,KOG0185,Xl,0.444024967207,-0.2027799016944126,
ENOG4102NDK,KOG0213,Xl,0.33688666820600005,-0.2664818356461371,
ENOG4102NDK,KOG0260,Xl,0.39474730622500004,0.010989629302629693,
ENOG4102NDK,KOG0264,Xl,0.736380984032,-0.036287324482505545,
ENOG4102NDK,KOG0333,Xl,0.221666482354,-0.064550643545204,
ENOG4102NDK,KOG0358,Xl,0.541459042691,0.06034602123392109,
ENOG4102NDK,KOG0359,Xl,0.6261242950779999,0.15860272227388514,
ENOG4102NDK,KOG0361,Xl,0.576225781558,-0.2895285992566396,
ENOG4102NDK,KOG0363,Xl,0.563535308182,-0.06675151260114323,
ENOG4102NDK,KOG0364,Xl,0.496192134402,-0.44980604038558325,
ENOG4102NDK,KOG0466,Xl,0.551850847801,0.34146733111381705,
ENOG4102NDK,KOG0469,Xl,0.632232214938,-0.13437872148545357,
ENOG4102NDK,KOG0478,Xl,0.37908325171999996,-0.22376910953956083,
ENOG4102NDK,KOG0480,Xl,0.523616735969,0.12470624525209612,
ENOG4102NDK,KOG0543,Xl,0.539395830392,0.39413536019400924,
ENOG4102NDK,KOG0616,Xl,0.15342832274499998,-0.03594028093076704,
ENOG4102NDK,KOG0651,Xl,0.606758327022,0.283509706503438,
ENOG4102NDK,KOG0652,Xl,0.666278649139,0.38196491653951165,
ENOG4102NDK,KOG0657,Xl,0.580970633062,0.046032870720580925,
ENOG4102NDK,KOG0668,Xl,0.463517222368,0.11474563513912513,
ENOG4102NDK,KOG0674,Xl,0.36889968997,0.2875941129628785,
ENOG4102NDK,KOG0686,Xl,0.599532184083,0.2593575912731995,
ENOG4102NDK,KOG0687,Xl,0.49774998145800003,-0.169810575058618,
ENOG4102NDK,KOG0728,Xl,0.566549962444,-0.21537655167055614,
ENOG4102NDK,KOG0729,Xl,0.615865670665,0.5036945875667378,
ENOG4102NDK,KOG0822,Xl,0.738597827191,0.3435810014299654,
ENOG4102NDK,KOG0841,Xl,0.759916678117,-0.17299512784928814,
ENOG4102NDK,KOG0860,Xl,0.0987720007492,-0.3779915594842342,
ENOG4102NDK,KOG0870,Xl,0.276166943903,0.04125146831920975,
ENOG4102NDK,KOG0936,Xl,-0.25902954003,-0.30737207731673116,
ENOG4102NDK,KOG0952,Xl,0.600637286872,0.46404102633800126,
ENOG4102NDK,KOG0967,Xl,0.618158503976,0.15413000033073365,
ENOG4102NDK,KOG0977,Xl,0.130587516728,0.003958592889835009,
ENOG4102NDK,KOG0985,Xl,-0.11128591924799999,0.4455027470555834,
ENOG4102NDK,KOG1036,Xl,0.34256819076300005,-0.2900747469493239,
ENOG4102NDK,KOG1060,Xl,-0.0061744215575,-0.08168624160060524,
ENOG4102NDK,KOG1062,Xl,0.403136460028,0.09219757728382111,
ENOG4102NDK,KOG1131,Xl,0.152555900768,-0.13614691621074188,
ENOG4102NDK,KOG1342,Xl,0.565447783381,-0.23680412808269097,
ENOG4102NDK,KOG1350,Xl,0.25340576086800004,-0.25831268053500356,
ENOG4102NDK,KOG1376,Xl,0.8935933473790001,-0.14535528149660717,
ENOG4102NDK,KOG1463,Xl,0.490655186667,0.47339926836761737,
ENOG4102NDK,KOG1475,Xl,0.0095919628025,-0.10897023291961065,
ENOG4102NDK,KOG1497,Xl,0.7718047535879999,-0.3173942041533797,
ENOG4102NDK,KOG1498,Xl,0.4089733554,0.22388512163477378,
ENOG4102NDK,KOG1531,Xl,-0.17397881461599998,0.16943951894874662,
ENOG4102NDK,KOG1554,Xl,0.486472032288,0.06520902280207568,
ENOG4102NDK,KOG1656,Xl,0.22241212370000002,0.14387251698060552,
ENOG4102NDK,KOG1670,Xl,0.5294924957020001,0.12352805146463511,
ENOG4102NDK,KOG1694,Xl,-0.20317651816799998,0.04917354711140981,
ENOG4102NDK,KOG1705,Xl,0.317410807736,-0.2094797110228638,
ENOG4102NDK,KOG1728,Xl,-0.100296445881,-0.33356486558335163,
ENOG4102NDK,KOG1758,Xl,-0.036676587186,-0.11450533194032718,
ENOG4102NDK,KOG1774,Xl,0.461154664262,0.15550405172738993,
ENOG4102NDK,KOG1780,Xl,0.5100321060230001,-0.30537477907743366,
ENOG4102NDK,KOG1783,Xl,0.440849651326,0.24233459158209789,
ENOG4102NDK,KOG1784,Xl,0.273536052554,-0.063611562251704,
ENOG4102NDK,KOG1795,Xl,0.611372132635,0.16857498461265583,
ENOG4102NDK,KOG1802,Xl,0.44316334565899995,0.07152790946746117,
KOG0018,KOG0050,Sc,-0.22666222143399997,-0.2277794728863707,
KOG0018,KOG0052,Sc,-0.226201056391,0.29514022174048377,
KOG0018,KOG0103,Sc,0.0685619447558,-0.15506411706237647,
KOG0018,KOG0113,Sc,0.11834523718699999,0.10329607459262774,
KOG0018,KOG0116,Sc,-0.00150833677597,-0.5621347714328537,
KOG0018,KOG0178,Sc,0.10418671403999999,0.06750398297737543,
KOG0018,KOG0181,Sc,0.277045809591,-0.37233232167399927,
KOG0018,KOG0182,Sc,-0.153382620308,-0.3485083009575769,
KOG0018,KOG0183,Sc,0.304400171793,-0.4362518876139841,
KOG0018,KOG0260,Sc,-0.22671147732500002,-0.26859043323263976,
KOG0018,KOG0262,Sc,0.0878026953875,-0.1766871701753486,
KOG0018,KOG0358,Sc,0.228274221252,0.11993681170960106,
KOG0018,KOG0359,Sc,0.17582066571899999,-0.11350488613275705,
KOG0018,KOG0361,Sc,0.0418546034202,-0.0836696263934991,
KOG0018,KOG0363,Sc,0.302649125045,0.11531674967035149,
KOG0018,KOG0364,Sc,0.19178383858399997,0.46337428217589177,
KOG0018,KOG0466,Sc,0.437243477023,0.2651788793306065,
KOG0018,KOG0481,Sc,-0.005008233723850001,0.36001284059067146,
KOG0018,KOG0616,Sc,0.281305471288,-0.036955012614663586,
KOG0018,KOG0657,Sc,0.20316569551199998,-0.35543226829381747,
KOG0018,KOG0658,Sc,0.13831894352600002,0.02549363280628982,
KOG0018,KOG0659,Sc,0.22124739546500002,0.38369696658596625,
KOG0018,KOG0811,Sc,-0.153382620308,-0.5165704087328647,
KOG0018,KOG0952,Sc,0.30437760781100004,-0.10879482943500303,
KOG0018,KOG1135,Sc,0.060756288331000004,-0.25244119907404255,
KOG0018,KOG1350,Sc,-0.041377418214400004,-0.01619675774775084,
KOG0018,KOG1475,Sc,-0.0129943459246,0.3156988672829334,
KOG0018,KOG1498,Sc,-0.015260519140200001,0.10145058593668328,
KOG0018,KOG1554,Sc,-0.08060987300710001,-0.4251876747391657,
KOG0018,KOG1662,Sc,0.161971678901,0.11152551361544073,
KOG0018,KOG1670,Sc,-0.08972686635610001,0.07789625566844781,
KOG0018,KOG1728,Sc,0.554561380984,0.17028570938983634,
KOG0018,KOG1769,Sc,-0.258967326489,-0.12578746207809852,
KOG0018,KOG1783,Sc,-0.127688650723,-0.03774073370627718,
KOG0018,KOG1898,Sc,-0.135957241984,0.08545185621177274,
KOG0018,KOG1942,Sc,0.150982829782,0.05981184806617942,
KOG0018,KOG2005,Sc,-0.19200201830400002,-0.14113854957528102,
KOG0018,KOG2074,Sc,0.326278392206,-0.09590881982994688,
KOG0018,KOG2245,Sc,-0.102027551537,-0.12099980785523583,
KOG0018,KOG2260,Sc,0.149115487474,-0.09320417297081346,
KOG0018,KOG2267,Sc,-0.0380323269523,0.028965624207951353,
KOG0018,KOG2310,Sc,-0.192033637658,0.10553233231707544,
KOG0018,KOG2496,Sc,-0.259012026189,0.1375633169292445,
KOG0018,KOG2549,Sc,0.5733459538769999,-0.21232167442493968,
KOG0018,KOG2599,Sc,0.0895938169325,-0.7005108433285713,
KOG0018,KOG2655,Sc,0.127610590894,-0.31254435715102624,
KOG0018,KOG2747,Sc,-0.042703730229,-0.18044812599140087,
KOG0018,KOG2768,Sc,-0.19198680847199998,0.2934426007456539,
KOG0018,KOG2851,Sc,0.011275343979799998,0.09051532561676671,
KOG0018,KOG3149,Sc,0.00987173779839,0.33464300352066373,
KOG0018,KOG3232,Sc,-0.0407862939056,-0.29804629943897315,
KOG0018,KOG3293,Sc,-0.065729093712,-0.13461065637753952,
KOG0018,KOG3448,Sc,0.19380330820500002,-0.6134535679929731,
KOG0018,KOG3478,Sc,-0.0109899356994,-0.18362544230661498,
KOG0018,KOG3484,Sc,0.320835160646,0.5507904885360158,
KOG0018,KOG3689,Sc,-0.026414091178200004,-0.006114909230160699,
KOG0018,KOG3933,Sc,0.0258875502305,-0.28257616736007757,
KOG0018,KOG4098,Sc,-0.0218781827017,-0.43268514823919346,
KOG0020,KOG0050,Sc,0.159910825193,-0.10439984406631429,
KOG0020,KOG0052,Sc,0.728829944797,0.27713626315699463,
KOG0020,KOG0103,Sc,0.0401966294764,-0.13788660034726108,
KOG0020,KOG0113,Sc,-0.08743676433219999,0.23408312689605232,
KOG0020,KOG0116,Sc,0.334714805708,0.1674428752639082,
KOG0020,KOG0122,Sc,-0.24397535136999998,-0.11120893926441709,
KOG0020,KOG0178,Sc,0.64787083014,0.08917995447471086,
KOG0020,KOG0181,Sc,0.39177332677599996,0.09563602355463265,
KOG0020,KOG0182,Sc,0.210713122496,-0.05336938052101845,
KOG0020,KOG0183,Sc,-0.44944152337300003,0.6776750799144032,
KOG0020,KOG0262,Sc,0.538513714744,0.2548648179471712,
KOG0020,KOG0358,Sc,-0.200201054457,-0.45037894815209967,
KOG0020,KOG0359,Sc,-0.392459716735,0.30696146015903436,
KOG0020,KOG0361,Sc,0.34839930403,-0.027456860701990878,
KOG0020,KOG0363,Sc,-0.429166088415,-0.5081788728301334,
KOG0020,KOG0364,Sc,-0.12225445873099999,0.1683887284816459,
KOG0020,KOG0466,Sc,0.280229113553,0.22620206194413853,
KOG0020,KOG0481,Sc,0.548668184485,0.4507352772533615,
KOG0020,KOG0652,Sc,0.16836201961599997,-0.10738193384013224,
KOG0020,KOG0657,Sc,-0.42479657565300005,0.2858458792910771,
KOG0020,KOG0658,Sc,-0.22488259517499998,0.31809417539590423,
KOG0020,KOG0811,Sc,-0.0166224932681,0.20303071789772906,
KOG0020,KOG0889,Sc,-0.019164727033799997,-0.6167068665312998,
KOG0020,KOG0952,Sc,-0.497740496964,0.42207784949379556,
KOG0020,KOG0970,Sc,0.035649435851099996,-0.4707540422859508,
KOG0020,KOG1062,Sc,-0.188260336802,-0.14190374119780522,
KOG0020,KOG1105,Sc,0.008942004162059999,-0.2947812675143596,
KOG0020,KOG1135,Sc,0.060748518937499996,-0.034129047984471396,
KOG0020,KOG1350,Sc,0.55822675532,0.2858921310805348,
KOG0020,KOG1475,Sc,-0.0248948041291,-0.2991182699512609,
KOG0020,KOG1498,Sc,0.509987327489,-0.19839734127733058,
KOG0020,KOG1554,Sc,0.325485616671,0.7449423227030659,
KOG0020,KOG1662,Sc,-0.364302983562,0.051720913529165906,
KOG0020,KOG1666,Sc,-0.3604827432,0.005587727320947777,
KOG0020,KOG1670,Sc,0.438610690723,0.434622178568694,
KOG0020,KOG1728,Sc,-0.553776490205,-0.4398882409859587,
KOG0020,KOG1769,Sc,0.41500915512599995,-0.2112292667297274,
KOG0020,KOG1783,Sc,0.279154649077,-0.16427514642514698,
KOG0020,KOG1898,Sc,0.0244718810671,0.10331214693067879,
KOG0020,KOG1942,Sc,-0.160132175023,-0.013210838693682874,
KOG0020,KOG2005,Sc,0.335703323512,-0.0712243624728598,
KOG0020,KOG2074,Sc,-0.27427493161999994,-0.5503910822605271,
